Emotions,Percent
angry,0.08715519215911627
disgust,0.0006227785434020916
scared,3.527296334505081
happy,84.20447111129761
sad,2.300642617046833
surprised,0.8250811137259007
neutral,9.05473306775093
angry,0.24117743596434593
disgust,0.0028910450055263937
scared,6.195689365267754
happy,80.67535161972046
sad,6.209904327988625
surprised,0.4248859826475382
neutral,6.2500931322574615
angry,0.16966485418379307
disgust,0.008845073898555711
scared,9.015119820833206
happy,71.4918851852417
sad,6.838615238666534
surprised,0.9631878696382046
neutral,11.512688547372818
angry,0.17566735623404384
disgust,0.009145624790107831
scared,8.897572010755539
happy,70.84494233131409
sad,7.572291046380997
surprised,0.8087706752121449
neutral,11.691609770059586
angry,0.17309950198978186
disgust,0.008495103975292295
scared,8.73878002166748
happy,71.55519723892212
sad,7.16240331530571
surprised,0.8325770497322083
neutral,11.529448628425598
angry,9.760431945323944
disgust,1.5375729650259018
scared,30.196157097816467
happy,6.388048082590103
sad,14.802289009094238
surprised,19.03046816587448
neutral,18.285028636455536
angry,10.422895103693008
disgust,2.38562673330307
scared,29.862669110298157
happy,7.365914434194565
sad,15.6148761510849
surprised,17.580002546310425
neutral,16.768011450767517
angry,0.475654611364007
disgust,0.019413138215895742
scared,11.821486800909042
happy,70.40373682975769
sad,9.143291413784027
surprised,0.680527463555336
neutral,7.455889135599136
angry,8.156595379114151
disgust,1.427800115197897
scared,30.145147442817688
happy,9.961792826652527
sad,18.042604625225067
surprised,10.93050166964531
neutral,21.335555613040924
angry,0.15362220583483577
disgust,0.008355233876500279
scared,10.230572521686554
happy,66.35037064552307
sad,9.143295884132385
surprised,1.2983587570488453
neutral,12.815426290035248
angry,0.13786297058686614
disgust,0.0016462548956042156
scared,6.150297448039055
happy,81.31864070892334
sad,4.875970259308815
surprised,0.49108173698186874
neutral,7.024499773979187
angry,0.13400292955338955
disgust,0.0014427660062210634
scared,6.085655465722084
happy,80.75725436210632
sad,5.059557780623436
surprised,0.47597503289580345
neutral,7.48610720038414
angry,0.08856207714416087
disgust,0.0014847405509499367
scared,2.6816340163350105
happy,90.6434714794159
sad,2.4356424808502197
surprised,0.37969069089740515
neutral,3.769519180059433
angry,0.36358609795570374
disgust,0.008829464786686003
scared,15.063570439815521
happy,58.56521725654602
sad,13.726069033145905
surprised,1.1010092683136463
neutral,11.17171123623848
angry,0.371089531108737
disgust,0.007960356742842123
scared,14.392299950122833
happy,60.633641481399536
sad,13.238075375556946
surprised,1.0354123078286648
neutral,10.321525484323502
angry,0.12403916334733367
disgust,0.001698335472610779
scared,3.3290933817625046
happy,90.34845232963562
sad,2.607944793999195
surprised,0.4155578091740608
neutral,3.1732115894556046
angry,0.1217666664160788
disgust,0.0016366315321647562
scared,3.3610980957746506
happy,90.15582203865051
sad,2.682083658874035
surprised,0.41697523556649685
neutral,3.260619565844536
angry,0.24827602319419384
disgust,0.004317808270570822
scared,6.09624870121479
happy,85.08260250091553
sad,3.4270111471414566
surprised,0.5683460272848606
neutral,4.573196172714233
angry,0.2352847484871745
disgust,0.008814594912109897
scared,8.579358458518982
happy,77.2352397441864
sad,5.771828815340996
surprised,1.0794255882501602
neutral,7.090049237012863
angry,0.15658416086807847
disgust,0.0032070802262751386
scared,3.26775461435318
happy,90.7372534275055
sad,1.9870653748512268
surprised,0.30867496971040964
neutral,3.539472073316574
angry,0.14111658092588186
disgust,0.0010658246537786908
scared,2.549462206661701
happy,91.0126805305481
sad,2.2940045222640038
surprised,0.3303831210359931
neutral,3.6712832748889923
angry,0.1585861318744719
disgust,0.004523928146227263
scared,3.477725014090538
happy,89.31064009666443
sad,2.4422282353043556
surprised,0.34894405398517847
neutral,4.25734780728817
angry,0.17915413482114673
disgust,0.004589051241055131
scared,3.7251461297273636
happy,89.24874067306519
sad,2.3385288193821907
surprised,0.33803870901465416
neutral,4.165806993842125
angry,0.18585530342534184
disgust,0.005009008600609377
scared,4.00567501783371
happy,88.39837312698364
sad,2.522416226565838
surprised,0.3489268245175481
neutral,4.533755034208298
angry,0.11527729220688343
disgust,0.0013359097465581726
scared,4.217725247144699
happy,84.7506046295166
sad,3.945648670196533
surprised,0.49313902854919434
neutral,6.476278603076935
angry,0.17220873851329088
disgust,0.004749458094011061
scared,3.648601844906807
happy,89.32521939277649
sad,2.4072982370853424
surprised,0.32424868550151587
neutral,4.1176702827215195
angry,0.17582237487658858
disgust,0.005399048313847743
scared,3.5613108426332474
happy,89.49577212333679
sad,2.500007674098015
surprised,0.29302623588591814
neutral,3.9686568081378937
angry,0.13591893948614597
disgust,0.0011020852070942055
scared,2.164676785469055
happy,88.72787952423096
sad,3.1618107110261917
surprised,0.3310190048068762
neutral,5.477598682045937
angry,0.19070563139393926
disgust,0.008346408867510036
scared,5.775591731071472
happy,82.36876726150513
sad,3.967399150133133
surprised,0.5976887885481119
neutral,7.091505825519562
angry,0.09443045710213482
disgust,0.0013010929251322523
scared,4.1442591696977615
happy,85.05467176437378
sad,3.7496324628591537
surprised,0.4163809586316347
neutral,6.5393321216106415
angry,0.1692850491963327
disgust,0.007622267730766907
scared,5.650179460644722
happy,82.78614282608032
sad,4.030550643801689
surprised,0.6683389656245708
neutral,6.687893718481064
angry,0.24297507479786873
disgust,0.015267639537341893
scared,9.696388989686966
happy,73.8145649433136
sad,7.326535135507584
surprised,1.0174719616770744
neutral,7.886792719364166
angry,0.19745479803532362
disgust,0.0032059517252491787
scared,3.6007918417453766
happy,89.57611322402954
sad,2.9832303524017334
surprised,0.28813204262405634
neutral,3.3510636538267136
angry,0.12058338616043329
disgust,0.0021647083485731855
scared,2.590225450694561
happy,92.58079528808594
sad,1.6822807490825653
surprised,0.280529772862792
neutral,2.7434222400188446
angry,0.19154156325384974
disgust,0.009130688704317436
scared,8.372872322797775
happy,76.11687779426575
sad,6.2748536467552185
surprised,1.2715160846710205
neutral,7.763206213712692
angry,0.17602406442165375
disgust,0.004322313179727644
scared,8.22494700551033
happy,75.82041621208191
sad,6.363740563392639
surprised,0.725372601300478
neutral,8.68518054485321
angry,0.12353641213849187
disgust,0.002044114989985246
scared,2.474188059568405
happy,92.73046851158142
sad,1.5740111470222473
surprised,0.2771033672615886
neutral,2.818644233047962
angry,0.2112305723130703
disgust,0.004703741069533862
scared,8.886589854955673
happy,74.77306127548218
sad,6.328610330820084
surprised,0.731942430138588
neutral,9.063863009214401
angry,0.18531579989939928
disgust,0.00950271132751368
scared,7.723160088062286
happy,78.05126905441284
sad,5.999188125133514
surprised,1.1919906362891197
neutral,6.839576363563538
angry,0.1310040010139346
disgust,0.0014113191355136223
scared,5.935913696885109
happy,79.48349118232727
sad,5.257522314786911
surprised,0.6879785098135471
neutral,8.502687513828278
angry,0.23737438023090363
disgust,0.012909629731439054
scared,9.193818271160126
happy,73.60710501670837
sad,8.07570219039917
surprised,1.3108326122164726
neutral,7.562253624200821
angry,0.20921817049384117
disgust,0.01291258231503889
scared,7.897786796092987
happy,76.81018710136414
sad,7.0761702954769135
surprised,1.2054018676280975
neutral,6.78832083940506
angry,0.13172151520848274
disgust,0.003323108103359118
scared,2.879212237894535
happy,91.10471606254578
sad,1.9802043214440346
surprised,0.3313847817480564
neutral,3.56944240629673
angry,0.08399937069043517
disgust,0.0010892497812164947
scared,2.174968644976616
happy,91.3337230682373
sad,1.825510896742344
surprised,0.3190572839230299
neutral,4.261656105518341
angry,0.18533928086981177
disgust,0.002228096309409011
scared,6.674903631210327
happy,79.09932732582092
sad,5.785546079277992
surprised,0.7016819901764393
neutral,7.55096822977066
angry,0.18352040788158774
disgust,0.0019749626517295837
scared,6.0778990387916565
happy,80.79289197921753
sad,5.314132571220398
surprised,0.6647819187492132
neutral,6.964801996946335
angry,0.20712949335575104
disgust,0.0023311860786634497
scared,6.9984473288059235
happy,78.3140242099762
sad,5.432697758078575
surprised,0.5917578004300594
neutral,8.453603833913803
angry,0.22780206054449081
disgust,0.006458676216425374
scared,9.677349776029587
happy,73.30431342124939
sad,7.3891907930374146
surprised,0.6324667949229479
neutral,8.762415498495102
angry,0.22874141577631235
disgust,0.006718833901686594
scared,11.141890287399292
happy,69.11662817001343
sad,8.327899873256683
surprised,0.7857334800064564
neutral,10.392385721206665
angry,0.2098179655149579
disgust,0.006201922951731831
scared,10.463948547840118
happy,70.54270505905151
sad,7.957583665847778
surprised,0.8265161886811256
neutral,9.993226826190948
angry,0.22086326498538256
disgust,0.006196188769536093
scared,10.243421792984009
happy,70.60335278511047
sad,7.9606205224990845
surprised,0.8450957015156746
neutral,10.12045368552208
angry,0.22543969098478556
disgust,0.005944403164903633
scared,9.347140789031982
happy,73.3172595500946
sad,7.273860275745392
surprised,0.7168651092797518
neutral,9.11349207162857
angry,0.13903368962928653
disgust,0.006351808406179771
scared,2.6647645980119705
happy,91.44538640975952
sad,2.3685773834586143
surprised,0.1793048344552517
neutral,3.196581080555916
angry,0.17025346169248223
disgust,0.0012692213203990832
scared,3.536844253540039
happy,89.48830962181091
sad,2.8916947543621063
surprised,0.2251435536891222
neutral,3.6864914000034332
angry,0.08673619013279676
disgust,0.001823306956794113
scared,2.4725235998630524
happy,91.28655195236206
sad,1.7667736858129501
surprised,0.2870313124731183
neutral,4.098561778664589
angry,0.09988389210775495
disgust,0.0033066073228837922
scared,3.603561595082283
happy,89.45602178573608
sad,2.2521262988448143
surprised,0.3462794004008174
neutral,4.238825663924217
angry,0.15342739643529058
disgust,0.005380179209169
scared,4.938923195004463
happy,82.73043632507324
sad,4.468062147498131
surprised,0.6966294720768929
neutral,7.007148116827011
angry,0.17264317721128464
disgust,0.001354466348857386
scared,4.860968515276909
happy,85.07087230682373
sad,4.158122092485428
surprised,0.5504155531525612
neutral,5.185618996620178
angry,0.16996661433950067
disgust,0.0017990852938964963
scared,6.3821941614151
happy,82.18903541564941
sad,5.013046786189079
surprised,0.5324005614966154
neutral,5.7115573436021805
angry,0.12420248240232468
disgust,0.0014405252841243055
scared,5.587661266326904
happy,83.33469033241272
sad,4.864257946610451
surprised,0.48741637729108334
neutral,5.600329861044884
angry,0.2744691912084818
disgust,0.007126086711650714
scared,11.834194511175156
happy,68.11176538467407
sad,11.122019588947296
surprised,1.0099652223289013
neutral,7.64046311378479
angry,0.132685003336519
disgust,0.00183131833182415
scared,6.260933727025986
happy,80.59999942779541
sad,5.586139485239983
surprised,0.4795764572918415
neutral,6.938827037811279
angry,0.07896683528088033
disgust,0.0018361284674028866
scared,1.99800506234169
happy,93.61501336097717
sad,1.2743915431201458
surprised,0.2747736405581236
neutral,2.7570102363824844
angry,0.20977228414267302
disgust,0.006377672252710909
scared,8.904200047254562
happy,66.25333428382874
sad,9.334056079387665
surprised,1.2729831971228123
neutral,14.019271731376648
angry,11.773261427879333
disgust,1.7553631216287613
scared,38.385018706321716
happy,8.000578731298447
sad,13.8318732380867
surprised,12.848879396915436
neutral,13.405032455921173
angry,0.11182719608768821
disgust,0.0016141939340741374
scared,6.110786274075508
happy,81.54062032699585
sad,5.253424495458603
surprised,0.4647923167794943
neutral,6.516939401626587
angry,0.13630568282678723
disgust,0.0012926508134114556
scared,4.2281243950128555
happy,87.29552030563354
sad,3.780891001224518
surprised,0.28697659727185965
neutral,4.270893335342407
angry,0.24926061742007732
disgust,0.002406222301942762
scared,6.390312314033508
happy,81.43189549446106
sad,5.444905161857605
surprised,0.5735569633543491
neutral,5.907662585377693
angry,0.28702912386506796
disgust,0.007495539466617629
scared,11.019596457481384
happy,67.65323877334595
sad,11.545933783054352
surprised,0.9945273399353027
neutral,8.492178469896317
angry,0.27438364923000336
disgust,0.005501490522874519
scared,10.122709721326828
happy,71.40108942985535
sad,10.428830981254578
surprised,0.7981418631970882
neutral,6.9693423807621
angry,9.048612415790558
disgust,1.9194800406694412
scared,27.91001796722412
happy,7.813651859760284
sad,16.30430817604065
surprised,18.440832197666168
neutral,18.563103675842285
angry,10.669822990894318
disgust,3.181689977645874
scared,28.10794711112976
happy,5.8338116854429245
sad,16.122274100780487
surprised,18.445077538490295
neutral,17.639365792274475
angry,10.666300356388092
disgust,3.193017467856407
scared,28.10256779193878
happy,5.833921208977699
sad,16.12452268600464
surprised,18.44794601202011
neutral,17.63172298669815
angry,7.666943222284317
disgust,1.104971207678318
scared,26.185160875320435
happy,5.172200873494148
sad,19.8180690407753
surprised,16.51192009449005
neutral,23.5407292842865
angry,0.15573203563690186
disgust,0.00709843443473801
scared,3.4764211624860764
happy,81.71526789665222
sad,2.986345998942852
surprised,0.318834581412375
neutral,11.340302228927612
angry,0.13245788868516684
disgust,0.005422771573648788
scared,6.187231093645096
happy,71.10867500305176
sad,10.572593659162521
surprised,1.0168333537876606
neutral,10.97678616642952
angry,0.08840516675263643
disgust,0.004490252467803657
scared,4.342233017086983
happy,88.04107308387756
sad,2.7594419196248055
surprised,0.6175584625452757
neutral,4.146801307797432
angry,0.2512903418391943
disgust,0.01326511992374435
scared,22.27712720632553
happy,46.02135717868805
sad,13.215957581996918
surprised,3.4415841102600098
neutral,14.77942019701004
angry,0.20094818901270628
disgust,0.007165704300859943
scared,8.007650077342987
happy,72.85416722297668
sad,8.24681669473648
surprised,1.2925592251121998
neutral,9.390699863433838
angry,0.49629947170615196
disgust,0.030138192232698202
scared,26.05058252811432
happy,31.264686584472656
sad,11.148831993341446
surprised,1.6458287835121155
neutral,29.3636292219162
angry,0.36478268448263407
disgust,0.008187487401301041
scared,11.652853339910507
happy,70.99635004997253
sad,7.906024158000946
surprised,1.242327969521284
neutral,7.8294724225997925
angry,0.1896928995847702
disgust,0.002616213350847829
scared,5.348521843552589
happy,78.0964732170105
sad,6.8013012409210205
surprised,0.6585231516510248
neutral,8.902861177921295
angry,0.2083578845486045
disgust,0.0029292297767824493
scared,5.242929980158806
happy,77.48222947120667
sad,7.306845486164093
surprised,0.7064996287226677
neutral,9.050212055444717
angry,0.7190585136413574
disgust,0.014410920266527683
scared,4.592723399400711
happy,87.01028227806091
sad,3.632320463657379
surprised,0.08440393139608204
neutral,3.9468061178922653
angry,0.2661640988662839
disgust,0.015361316036432981
scared,6.709974259138107
happy,80.42374849319458
sad,5.224795639514923
surprised,0.3182139014825225
neutral,7.041741907596588
angry,0.4390146117657423
disgust,0.0029579317924799398
scared,1.003722008317709
happy,94.14894580841064
sad,2.344922348856926
surprised,0.032517072395421565
neutral,2.0279111340641975
angry,0.243453960865736
disgust,0.001641462768020574
scared,3.3177662640810013
happy,82.48966336250305
sad,2.9188768938183784
surprised,0.4044273868203163
neutral,10.62416359782219
angry,0.1721599604934454
disgust,0.0026290792447980493
scared,4.7654639929533005
happy,84.0343177318573
sad,3.7956468760967255
surprised,0.8017749525606632
neutral,6.42801821231842
angry,0.08594461251050234
disgust,0.0011626636478467844
scared,0.9766610339283943
happy,95.21443843841553
sad,1.290091685950756
surprised,0.14020341914147139
neutral,2.2915061563253403
angry,0.07203074055723846
disgust,0.0008654988050693646
scared,0.9219231083989143
happy,95.02116441726685
sad,1.3675454072654247
surprised,0.17268469091504812
neutral,2.4437863379716873
angry,0.07082822266966105
disgust,0.0008028223419387359
scared,0.7829017005860806
happy,95.6171989440918
sad,1.1339320801198483
surprised,0.15657038893550634
neutral,2.237764745950699
angry,0.08495551301166415
disgust,0.0010103331078425981
scared,1.0819902643561363
happy,94.09894943237305
sad,1.6527878120541573
surprised,0.21703678648918867
neutral,2.8632769361138344
angry,0.08686687797307968
disgust,0.001024945595418103
scared,1.1049116030335426
happy,93.78206729888916
sad,1.7290985211730003
surprised,0.21191986743360758
neutral,3.0841130763292313
angry,0.11536650126799941
disgust,0.0028534970624605194
scared,1.367409061640501
happy,93.50976943969727
sad,1.4102159067988396
surprised,0.181563978549093
neutral,3.4128211438655853
angry,0.11366104008629918
disgust,0.002702244273677934
scared,1.4797219075262547
happy,92.98170804977417
sad,1.5294729731976986
surprised,0.20475403871387243
neutral,3.6879751831293106
angry,0.1257569412700832
disgust,0.002973618029500358
scared,1.6856465488672256
happy,92.28550791740417
sad,1.6466055065393448
surprised,0.22915247827768326
neutral,4.024358466267586
angry,0.0995042035356164
disgust,0.0011130600796604995
scared,0.8534124121069908
happy,94.68033909797668
sad,1.473035290837288
surprised,0.17063015839084983
neutral,2.721961587667465
angry,0.12403763830661774
disgust,0.0014430013834498823
scared,1.0137124918401241
happy,94.08762454986572
sad,1.7549945041537285
surprised,0.18330867169424891
neutral,2.834872156381607
angry,0.123316899407655
disgust,0.0017837737686932087
scared,1.9688257947564125
happy,91.40463471412659
sad,1.4150519855320454
surprised,0.47243358567357063
neutral,4.613958299160004
angry,0.14484362909570336
disgust,0.0011472113328636624
scared,1.5698406845331192
happy,93.23903918266296
sad,1.102240663021803
surprised,0.30172979459166527
neutral,3.6411620676517487
angry,0.20617949776351452
disgust,0.0021152411136426963
scared,3.8787655532360077
happy,86.10959053039551
sad,3.6804072558879852
surprised,0.416036369279027
neutral,5.706905946135521
angry,0.2511204220354557
disgust,0.0025478007955825888
scared,4.290802404284477
happy,85.01251935958862
sad,3.921927511692047
surprised,0.39692497812211514
neutral,6.124159321188927
angry,0.23001066874712706
disgust,0.003560902041499503
scared,3.604275733232498
happy,80.64972162246704
sad,3.828784078359604
surprised,0.43788901530206203
neutral,11.245764791965485
angry,0.3088286845013499
disgust,0.0034619362850207835
scared,5.8333877474069595
happy,77.05395817756653
sad,4.777991771697998
surprised,0.8651858195662498
neutral,11.157181859016418
angry,0.1940863556228578
disgust,0.001505619366071187
scared,2.783135324716568
happy,87.20170855522156
sad,2.18578539788723
surprised,0.3899040399119258
neutral,7.243871688842773
angry,0.22187188733369112
disgust,0.0030703657103003934
scared,3.4953828901052475
happy,80.10831475257874
sad,4.13249135017395
surprised,0.449083698913455
neutral,11.589780449867249
angry,0.18356576329097152
disgust,0.004013318175566383
scared,1.6800301149487495
happy,92.42784380912781
sad,1.6327323392033577
surprised,0.12591138947755098
neutral,3.945903107523918
angry,0.13869310496374965
disgust,0.003177408143528737
scared,1.4943071641027927
happy,92.5718367099762
sad,1.5745166689157486
surprised,0.1288764295168221
neutral,4.088589549064636
angry,0.32584727741777897
disgust,0.0037757021345896646
scared,6.100104004144669
happy,70.67199349403381
sad,6.431080400943756
surprised,0.776787893846631
neutral,15.690413117408752
angry,0.32478838693350554
disgust,0.004102631282876246
scared,6.273043900728226
happy,68.9969003200531
sad,6.529844552278519
surprised,0.9084472432732582
neutral,16.962870955467224
angry,0.3634388092905283
disgust,0.004335558332968503
scared,5.823760852217674
happy,71.93523049354553
sad,5.6592922657728195
surprised,0.7129970006644726
neutral,15.50094336271286
angry,0.35498521756380796
disgust,0.0049048117944039404
scared,6.139162555336952
happy,69.6186900138855
sad,6.457742303609848
surprised,0.7137707900255919
neutral,16.710743308067322
angry,0.20951719488948584
disgust,0.0026989189791493118
scared,2.137109264731407
happy,90.22070169448853
sad,1.8369480967521667
surprised,0.2814519451931119
neutral,5.3115785121917725
angry,0.2058098092675209
disgust,0.002684801074792631
scared,2.1576358005404472
happy,89.88898396492004
sad,1.936664804816246
surprised,0.27655293233692646
neutral,5.531661584973335
angry,0.2152803586795926
disgust,0.0027782192773884162
scared,2.2856535390019417
happy,89.44439888000488
sad,2.017716132104397
surprised,0.295818317681551
neutral,5.738354474306107
angry,0.40583484806120396
disgust,0.003412262594792992
scared,7.084309309720993
happy,68.18745732307434
sad,6.686808168888092
surprised,0.8272514678537846
neutral,16.804923117160797
angry,0.15034270472824574
disgust,0.0012365107977529988
scared,1.902211271226406
happy,89.75460529327393
sad,2.0357483997941017
surprised,0.44982428662478924
neutral,5.706028640270233
angry,0.1085451920516789
disgust,0.0012059528671670705
scared,1.0366283357143402
happy,93.00863742828369
sad,1.4716986566781998
surprised,0.10503396624699235
neutral,4.26824726164341
angry,0.10676255915313959
disgust,0.0012474107279558666
scared,1.0417678393423557
happy,93.05919408798218
sad,1.3753610663115978
surprised,0.12317075161263347
neutral,4.292500019073486
angry,0.10292417136952281
disgust,0.001196511493617436
scared,1.0327666066586971
happy,93.07548999786377
sad,1.2632150202989578
surprised,0.1262530335225165
neutral,4.398158565163612
angry,0.11074825888499618
disgust,0.0012242893717484549
scared,1.1021464131772518
happy,92.78021454811096
sad,1.455291174352169
surprised,0.15744095435366035
neutral,4.392937570810318
angry,14.16250467300415
disgust,1.4149993658065796
scared,34.72411930561066
happy,12.51710057258606
sad,12.74278461933136
surprised,11.81413158774376
neutral,12.624354660511017
angry,0.10037129977717996
disgust,0.002140376454917714
scared,3.175950050354004
happy,91.39326214790344
sad,1.9734961912035942
surprised,0.3684628987684846
neutral,2.986326441168785
angry,13.039128482341766
disgust,0.7847077213227749
scared,41.01560711860657
happy,13.076023757457733
sad,9.912656992673874
surprised,10.592024028301239
neutral,11.579856276512146
angry,0.27796176727861166
disgust,0.019913542200811207
scared,20.850911736488342
happy,31.415867805480957
sad,28.14083993434906
surprised,1.388533040881157
neutral,17.905975878238678
angry,0.3415132639929652
disgust,0.004473121953196824
scared,9.517821669578552
happy,76.74291133880615
sad,6.535385549068451
surprised,0.7632177323102951
neutral,6.094685196876526
angry,0.18549420638009906
disgust,0.004091333539690822
scared,9.265907108783722
happy,74.40133094787598
sad,8.146533370018005
surprised,0.9549161419272423
neutral,7.041731476783752
angry,0.20953621715307236
disgust,0.0038424666854552925
scared,8.178479224443436
happy,76.75591707229614
sad,6.966052949428558
surprised,0.9274079464375973
neutral,6.958761066198349
angry,0.18262582598254085
disgust,0.0029597107641166076
scared,7.592744380235672
happy,78.03982496261597
sad,6.792990118265152
surprised,0.8693903684616089
neutral,6.519465893507004
angry,0.24140861351042986
disgust,0.009916861017700285
scared,5.955294147133827
happy,83.42628479003906
sad,3.6914855241775513
surprised,0.5737244617193937
neutral,6.101883202791214
angry,0.13238837709650397
disgust,0.017950880283024162
scared,14.43646103143692
happy,60.55658459663391
sad,9.507443755865097
surprised,0.8924071677029133
neutral,14.456765353679657
angry,0.44227889738976955
disgust,0.010832645784830675
scared,15.822049975395203
happy,58.2624614238739
sad,12.387002259492874
surprised,0.6130861584097147
neutral,12.462282180786133
angry,0.14757009921595454
disgust,0.005762684668297879
scared,13.238444924354553
happy,67.21551418304443
sad,6.973692774772644
surprised,0.9469568729400635
neutral,11.472056806087494
angry,0.15184780349954963
disgust,0.0058565296058077365
scared,14.020627737045288
happy,65.74458479881287
sad,7.421660423278809
surprised,1.048033032566309
neutral,11.607390642166138
angry,3.256038948893547
disgust,0.003768653914448805
scared,11.269214004278183
happy,9.592342376708984
sad,4.961361736059189
surprised,28.788968920707703
neutral,42.12830364704132
angry,19.94643658399582
disgust,0.007153319893404841
scared,28.65666151046753
happy,12.108176946640015
sad,18.825054168701172
surprised,0.2756423084065318
neutral,20.180879533290863
angry,10.515422374010086
disgust,0.030075208633206785
scared,35.849958658218384
happy,15.870393812656403
sad,8.75212550163269
surprised,0.9880980476737022
neutral,27.993926405906677
angry,53.20577025413513
disgust,0.01059716596500948
scared,14.308640360832214
happy,3.601136803627014
sad,14.145264029502869
surprised,2.092319540679455
neutral,12.636271119117737
angry,40.53085148334503
disgust,0.03568282991182059
scared,22.574473917484283
happy,3.674986958503723
sad,18.178853392601013
surprised,2.3949043825268745
neutral,12.610244750976562
angry,55.425357818603516
disgust,0.022354851535055786
scared,15.87761640548706
happy,2.3224301636219025
sad,12.468823790550232
surprised,2.6703590527176857
neutral,11.21305450797081
angry,49.382683634757996
disgust,0.052137591410428286
scared,23.192405700683594
happy,1.6022542491555214
sad,10.596085339784622
surprised,9.329832345247269
neutral,5.84460012614727
angry,47.6884663105011
disgust,0.03760250110644847
scared,23.558102548122406
happy,1.7059326171875
sad,13.598702847957611
surprised,3.510354459285736
neutral,9.900843352079391
angry,43.526193499565125
disgust,0.04802938783541322
scared,28.19940447807312
happy,1.8443828448653221
sad,14.4844189286232
surprised,3.0404526740312576
neutral,8.85712057352066
angry,61.59899830818176
disgust,0.01663778821239248
scared,16.5910467505455
happy,1.6358781605958939
sad,7.749958336353302
surprised,3.8864463567733765
neutral,8.521029353141785
angry,45.27730643749237
disgust,0.1846427912823856
scared,18.66643577814102
happy,7.052973657846451
sad,18.390782177448273
surprised,1.3390323147177696
neutral,9.088827669620514
angry,11.069663614034653
disgust,2.070825733244419
scared,26.209408044815063
happy,3.374120593070984
sad,48.16766083240509
surprised,0.6899165455251932
neutral,8.418411761522293
angry,14.21377956867218
disgust,1.362047716975212
scared,26.469284296035767
happy,3.1067630276083946
sad,44.45652365684509
surprised,3.1279712915420532
neutral,7.263627648353577
angry,9.135503321886063
disgust,0.9606298990547657
scared,23.33022952079773
happy,3.2273896038532257
sad,55.25360703468323
surprised,0.4805522505193949
neutral,7.6120927929878235
angry,11.382091045379639
disgust,0.9961244650185108
scared,15.365812182426453
happy,3.350808098912239
sad,55.7678759098053
surprised,0.1820172881707549
neutral,12.955275177955627
angry,12.86669373512268
disgust,3.446076065301895
scared,21.047189831733704
happy,2.9734814539551735
sad,46.77887558937073
surprised,0.07179032545536757
neutral,12.815894186496735
angry,15.87161272764206
disgust,1.04046193882823
scared,43.32929253578186
happy,3.3372268080711365
sad,27.520251274108887
surprised,0.2754736691713333
neutral,8.625684678554535
angry,16.537246108055115
disgust,0.00817389227449894
scared,12.685252726078033
happy,10.254834592342377
sad,3.2268598675727844
surprised,5.692441761493683
neutral,51.59518122673035
angry,14.379630982875824
disgust,0.05357857444323599
scared,43.10142993927002
happy,18.71134042739868
sad,9.554940462112427
surprised,1.4012180268764496
neutral,12.79786229133606
angry,5.211540684103966
disgust,0.015173952851910144
scared,21.876108646392822
happy,20.039863884449005
sad,10.051243007183075
surprised,10.44202744960785
neutral,32.364046573638916
angry,4.672540724277496
disgust,0.010331639350624755
scared,26.115569472312927
happy,19.627077877521515
sad,11.51658371090889
surprised,9.687881916761398
neutral,28.3700168132782
angry,9.880499541759491
disgust,0.004417407762957737
scared,18.704402446746826
happy,8.16953033208847
sad,3.2667193561792374
surprised,12.450487911701202
neutral,47.52393662929535
angry,6.152508407831192
disgust,0.004273208833183162
scared,13.7369304895401
happy,5.3826432675123215
sad,3.5904936492443085
surprised,14.007872343063354
neutral,57.125282287597656
angry,3.590434044599533
disgust,0.002609440707601607
scared,10.10604053735733
happy,8.364924043416977
sad,2.6569997891783714
surprised,29.376500844955444
neutral,45.902493596076965
angry,4.877587780356407
disgust,0.004553258258965798
scared,10.542264580726624
happy,7.198845595121384
sad,3.601852059364319
surprised,26.94559097290039
neutral,46.829307079315186
angry,5.350659042596817
disgust,0.0028031716283294372
scared,11.444535106420517
happy,10.535555332899094
sad,3.728499263525009
surprised,18.949180841445923
neutral,49.98876750469208
angry,5.764761194586754
disgust,0.0072285627538803965
scared,11.695694923400879
happy,22.342324256896973
sad,7.532134652137756
surprised,11.648296564817429
neutral,41.00956320762634
angry,7.967925071716309
disgust,0.03926500503439456
scared,17.037707567214966
happy,40.7368928194046
sad,14.550183713436127
surprised,2.338908053934574
neutral,17.32911616563797
angry,4.633427783846855
disgust,0.022754746896680444
scared,18.156054615974426
happy,38.42215538024902
sad,15.697681903839111
surprised,2.150304801762104
neutral,20.91762125492096
angry,3.5223428159952164
disgust,0.046125834342092276
scared,11.274121701717377
happy,40.122681856155396
sad,9.735802561044693
surprised,6.704312562942505
neutral,28.594613075256348
angry,10.599474608898163
disgust,0.4624471999704838
scared,31.315281987190247
happy,16.415993869304657
sad,5.570840835571289
surprised,20.04415988922119
neutral,15.591806173324585
angry,3.7996161729097366
disgust,0.0009521859283267986
scared,11.385971307754517
happy,6.147203966975212
sad,2.4978574365377426
surprised,10.646085441112518
neutral,65.52231907844543
angry,5.106215178966522
disgust,0.0007062325494189281
scared,11.185701191425323
happy,6.103873252868652
sad,2.3118004202842712
surprised,10.97153052687645
neutral,64.32017087936401
angry,4.529654234647751
disgust,0.0026081021132995375
scared,11.317363381385803
happy,6.619462370872498
sad,2.333778329193592
surprised,22.053566575050354
neutral,53.14357280731201
angry,9.320881217718124
disgust,0.013710255734622478
scared,16.54931604862213
happy,18.35837960243225
sad,11.490338295698166
surprised,8.940529078245163
neutral,35.32684147357941
angry,6.80813193321228
disgust,0.007270179776242003
scared,18.197154998779297
happy,13.554878532886505
sad,11.217957735061646
surprised,10.895532369613647
neutral,39.31907415390015
angry,7.656954228878021
disgust,0.003999511318397708
scared,19.667069613933563
happy,12.772689759731293
sad,15.572598576545715
surprised,6.721911579370499
neutral,37.60477304458618
angry,6.263159215450287
disgust,0.004965578773408197
scared,17.685051262378693
happy,15.245959162712097
sad,16.23779833316803
surprised,6.98806419968605
neutral,37.574997544288635
angry,6.785517185926437
disgust,0.0052641255024354905
scared,19.067269563674927
happy,19.447840750217438
sad,14.265350997447968
surprised,7.1094512939453125
neutral,33.31930935382843
angry,8.676546812057495
disgust,0.004432752029970288
scared,22.835497558116913
happy,12.979167699813843
sad,16.22566729784012
surprised,10.73976531624794
neutral,28.538915514945984
angry,5.939476191997528
disgust,0.004220079063088633
scared,18.327108025550842
happy,18.12831163406372
sad,15.700656175613403
surprised,5.7966407388448715
neutral,36.10358536243439
angry,6.278926879167557
disgust,0.006250797014217824
scared,19.832798838615417
happy,14.716769754886627
sad,13.729944825172424
surprised,14.807814359664917
neutral,30.627495050430298
angry,6.326459348201752
disgust,0.011064444697694853
scared,19.8700413107872
happy,16.901150345802307
sad,15.130685269832611
surprised,11.689727753400803
neutral,30.070874094963074
angry,5.319401994347572
disgust,0.012308219447731972
scared,18.25117915868759
happy,16.106906533241272
sad,15.510053932666779
surprised,11.318682879209518
neutral,33.48146975040436
angry,7.27434903383255
disgust,0.006597557512577623
scared,20.543144643306732
happy,15.356948971748352
sad,20.46460509300232
surprised,9.043647348880768
neutral,27.310711145401
angry,6.243505701422691
disgust,0.0138546631205827
scared,19.65641677379608
happy,16.124047338962555
sad,15.573908388614655
surprised,10.857784748077393
neutral,31.530481576919556
angry,5.505362153053284
disgust,0.011494982754811645
scared,18.771782517433167
happy,19.027462601661682
sad,14.63502049446106
surprised,9.217552840709686
neutral,32.83132314682007
angry,6.131162121891975
disgust,0.010131161252502352
scared,18.907061219215393
happy,17.548291385173798
sad,16.92274659872055
surprised,8.72119590640068
neutral,31.7594051361084
angry,4.583708196878433
disgust,0.008266940130852163
scared,20.284369587898254
happy,17.206859588623047
sad,15.958525240421295
surprised,8.37855190038681
neutral,33.579716086387634
angry,4.471688345074654
disgust,0.01889354462036863
scared,16.521234810352325
happy,17.99052655696869
sad,13.031841814517975
surprised,10.924675315618515
neutral,37.041136622428894
angry,4.632895067334175
disgust,0.013110922009218484
scared,17.617465555667877
happy,19.641298055648804
sad,10.496193915605545
surprised,14.646302163600922
neutral,32.9527348279953
angry,4.331589490175247
disgust,0.024210050469264388
scared,20.53668200969696
happy,19.239555299282074
sad,12.276292592287064
surprised,12.737873196601868
neutral,30.85380494594574
angry,6.020808219909668
disgust,0.007471699791494757
scared,20.85430920124054
happy,15.864899754524231
sad,18.2985857129097
surprised,7.881385087966919
neutral,31.07254207134247
angry,4.487926885485649
disgust,0.01310407678829506
scared,20.080846548080444
happy,17.194728553295135
sad,21.254922449588776
surprised,7.34148770570755
neutral,29.626980423927307
angry,5.360795557498932
disgust,0.0184823788003996
scared,20.795463025569916
happy,20.041903853416443
sad,16.364841163158417
surprised,9.664051979780197
neutral,27.75445580482483
angry,4.316411539912224
disgust,0.02158618881367147
scared,17.60667860507965
happy,19.959504902362823
sad,13.84366750717163
surprised,10.557693243026733
neutral,33.6944580078125
angry,4.941103979945183
disgust,0.01926243567140773
scared,20.38693279027939
happy,16.430777311325073
sad,16.373710334300995
surprised,9.553761780261993
neutral,32.29444921016693
angry,5.453745648264885
disgust,0.0116997143777553
scared,20.104005932807922
happy,17.07105189561844
sad,13.238199055194855
surprised,14.522436261177063
neutral,29.598867893218994
angry,4.4547561556100845
disgust,0.006036685226717964
scared,18.35711896419525
happy,21.731606125831604
sad,16.76850914955139
surprised,6.175917387008667
neutral,32.50605762004852
angry,4.1802845895290375
disgust,0.0071774884418118745
scared,18.475081026554108
happy,24.523548781871796
sad,16.967947781085968
surprised,6.09622448682785
neutral,29.749739170074463
angry,5.167710036039352
disgust,0.013423054770100862
scared,16.179141402244568
happy,23.302127420902252
sad,14.377322793006897
surprised,10.218732804059982
neutral,30.741536617279053
angry,4.737786203622818
disgust,0.013274159573484212
scared,16.554296016693115
happy,19.043831527233124
sad,15.789461135864258
surprised,7.490686327219009
neutral,36.37066185474396
angry,4.274776577949524
disgust,0.02768929989542812
scared,16.68602079153061
happy,21.593739092350006
sad,13.118073344230652
surprised,11.104825139045715
neutral,33.19487273693085
angry,5.033133178949356
disgust,0.011948218889301643
scared,17.061708867549896
happy,17.85130798816681
sad,13.469842076301575
surprised,10.092020034790039
neutral,36.4800363779068
angry,5.500667542219162
disgust,0.012996802979614586
scared,18.281519412994385
happy,19.337573647499084
sad,14.221112430095673
surprised,10.373532772064209
neutral,32.272592186927795
angry,4.235132411122322
disgust,0.01991398021345958
scared,16.947466135025024
happy,19.008970260620117
sad,12.117251753807068
surprised,13.524116575717926
neutral,34.147149324417114
angry,4.864466190338135
disgust,0.012579088797792792
scared,15.316963195800781
happy,18.760724365711212
sad,13.161148130893707
surprised,7.93941542506218
neutral,39.94469344615936
angry,6.51441290974617
disgust,0.009132899140240625
scared,21.46252691745758
happy,16.292697191238403
sad,15.619038045406342
surprised,11.546666920185089
neutral,28.555533289909363
angry,5.204956978559494
disgust,0.00984953876468353
scared,16.585734486579895
happy,19.181528687477112
sad,13.085219264030457
surprised,10.025423765182495
neutral,35.90728938579559
angry,5.677374452352524
disgust,0.014918968372512609
scared,18.761838972568512
happy,18.952804803848267
sad,12.71635890007019
surprised,12.048963457345963
neutral,31.827738881111145
angry,5.764815583825111
disgust,0.01609434257261455
scared,18.56902688741684
happy,19.03223693370819
sad,12.605270743370056
surprised,12.260039150714874
neutral,31.752508878707886
angry,7.390403747558594
disgust,0.006650381692452356
scared,18.41045469045639
happy,20.991061627864838
sad,17.020444571971893
surprised,7.225869596004486
neutral,28.955119848251343
angry,4.798160493373871
disgust,0.009257509373128414
scared,17.546255886554718
happy,17.943307757377625
sad,16.632768511772156
surprised,6.954111158847809
neutral,36.116138100624084
angry,6.428869068622589
disgust,0.007644602010259405
scared,16.97889119386673
happy,20.46428620815277
sad,16.30605310201645
surprised,5.6007541716098785
neutral,34.21350121498108
angry,3.7826087325811386
disgust,0.009738365042721853
scared,18.394066393375397
happy,17.5740584731102
sad,14.773465692996979
surprised,7.775341719388962
neutral,37.690722942352295
angry,3.8063760846853256
disgust,0.0131539287394844
scared,17.086191475391388
happy,17.96504408121109
sad,14.5156130194664
surprised,8.542735129594803
neutral,38.070887327194214
angry,4.971855506300926
disgust,0.00851518998388201
scared,17.988042533397675
happy,20.19258439540863
sad,16.905400156974792
surprised,6.463322043418884
neutral,33.470284938812256
angry,4.658789560198784
disgust,0.011349986743880436
scared,18.20124238729477
happy,19.63578164577484
sad,12.949077785015106
surprised,9.138794243335724
neutral,35.40497422218323
angry,4.6545494347810745
disgust,0.011132002691738307
scared,18.27511042356491
happy,19.622240960597992
sad,12.984341382980347
surprised,9.194211661815643
neutral,35.2584183216095
angry,3.9609745144844055
disgust,0.013097762712277472
scared,20.407317578792572
happy,16.2879541516304
sad,14.20980840921402
surprised,10.732267796993256
neutral,34.388577938079834
angry,4.843716323375702
disgust,0.008933714707382023
scared,17.319920659065247
happy,18.392975628376007
sad,12.409541755914688
surprised,10.650002211332321
neutral,36.37489974498749
angry,5.344180017709732
disgust,0.007792862015776336
scared,19.044281542301178
happy,19.071029126644135
sad,13.314086198806763
surprised,9.108904004096985
neutral,34.10972058773041
angry,4.081184417009354
disgust,0.015383082791231573
scared,16.165924072265625
happy,21.168270707130432
sad,13.931426405906677
surprised,7.864271849393845
neutral,36.7735356092453
angry,5.522838979959488
disgust,0.005400886948336847
scared,19.424918293952942
happy,17.320948839187622
sad,15.451350808143616
surprised,7.466980814933777
neutral,34.80755686759949
angry,4.2054228484630585
disgust,0.015275682380888611
scared,17.05154776573181
happy,18.72199773788452
sad,14.818446338176727
surprised,8.89098197221756
neutral,36.29632294178009
angry,4.284720495343208
disgust,0.007928425475256518
scared,15.030349791049957
happy,22.505632042884827
sad,14.606605470180511
surprised,7.7392905950546265
neutral,35.82548201084137
angry,4.3575819581747055
disgust,0.009766571747604758
scared,16.37480854988098
happy,21.272268891334534
sad,14.71288949251175
surprised,7.574968039989471
neutral,35.69771647453308
angry,4.328593611717224
disgust,0.011520939006004483
scared,17.10227131843567
happy,22.927072644233704
sad,12.347373366355896
surprised,8.637809008359909
neutral,34.64535474777222
angry,4.072097688913345
disgust,0.011697671288857237
scared,17.027083039283752
happy,21.632197499275208
sad,13.669885694980621
surprised,9.953778237104416
neutral,33.63325893878937
angry,3.692632168531418
disgust,0.01226027961820364
scared,16.85856133699417
happy,19.14058029651642
sad,11.866486817598343
surprised,13.377341628074646
neutral,35.052138566970825
angry,3.503897413611412
disgust,0.016567521379329264
scared,15.082594752311707
happy,18.965506553649902
sad,11.526504158973694
surprised,12.914612889289856
neutral,37.99031376838684
angry,3.48881334066391
disgust,0.016121967928484082
scared,14.98081088066101
happy,18.674282729625702
sad,11.66967824101448
surprised,12.685142457485199
neutral,38.485148549079895
angry,4.613777250051498
disgust,0.011035609350074083
scared,16.323941946029663
happy,24.250447750091553
sad,16.567900776863098
surprised,7.862392067909241
neutral,30.37051260471344
angry,4.515158385038376
disgust,0.010534163448028266
scared,14.740599691867828
happy,22.129058837890625
sad,13.779588043689728
surprised,8.373068273067474
neutral,36.451998353004456
angry,4.364429414272308
disgust,0.019083726510871202
scared,14.07105028629303
happy,23.840150237083435
sad,15.069487690925598
surprised,7.487104088068008
neutral,35.14869809150696
angry,4.197639599442482
disgust,0.01393181155435741
scared,14.574049413204193
happy,26.370400190353394
sad,17.7283838391304
surprised,5.286139622330666
neutral,31.829452514648438
angry,4.664961248636246
disgust,0.01684763265075162
scared,16.371458768844604
happy,21.45419269800186
sad,16.300475597381592
surprised,7.382074743509293
neutral,33.80998969078064
angry,4.994941130280495
disgust,0.008231133688241243
scared,17.86939650774002
happy,23.113252222537994
sad,14.128637313842773
surprised,7.7383533120155334
neutral,32.14719891548157
angry,4.887085407972336
disgust,0.009025053441291675
scared,20.436908304691315
happy,20.97601145505905
sad,12.62146681547165
surprised,12.143339216709137
neutral,28.926163911819458
angry,3.7385795265436172
disgust,0.01611798070371151
scared,16.527681052684784
happy,20.37821263074875
sad,10.076828300952911
surprised,14.629054069519043
neutral,34.633517265319824
angry,3.030397556722164
disgust,0.010278966510668397
scared,17.474669218063354
happy,22.516269981861115
sad,10.773808509111404
surprised,14.157693088054657
neutral,32.036879658699036
angry,2.8572572395205498
disgust,0.014309227117337286
scared,16.88506305217743
happy,21.47592008113861
sad,10.438747704029083
surprised,16.573399305343628
neutral,31.755298376083374
angry,3.4719619899988174
disgust,0.015570009418297559
scared,18.087823688983917
happy,22.050750255584717
sad,13.139379024505615
surprised,13.50453495979309
neutral,29.729974269866943
angry,3.6815401166677475
disgust,0.014193099923431873
scared,17.610053718090057
happy,23.5156312584877
sad,12.892681360244751
surprised,10.12381985783577
neutral,32.16208517551422
angry,3.7981372326612473
disgust,0.012183660146547481
scared,17.516066133975983
happy,24.145039916038513
sad,12.065457552671432
surprised,9.258639812469482
neutral,33.204472064971924
angry,4.681004211306572
disgust,0.01728268980514258
scared,21.48674875497818
happy,21.534384787082672
sad,14.335624873638153
surprised,11.1366406083107
neutral,26.80830955505371
angry,4.939451813697815
disgust,0.009326026338385418
scared,18.75748187303543
happy,21.59345895051956
sad,12.946513295173645
surprised,11.064425110816956
neutral,30.689343810081482
angry,4.187759384512901
disgust,0.015584124776069075
scared,17.922064661979675
happy,24.76537674665451
sad,13.3959099650383
surprised,11.737827211618423
neutral,27.975472807884216
angry,4.941228404641151
disgust,0.0056162982218666
scared,21.027590334415436
happy,23.29554110765457
sad,15.78298807144165
surprised,9.361431002616882
neutral,25.585603713989258
angry,2.9051756486296654
disgust,0.012443546438589692
scared,17.82173663377762
happy,24.512162804603577
sad,10.531675070524216
surprised,13.199765980243683
neutral,31.017035245895386
angry,4.545882344245911
disgust,0.017618002311792225
scared,17.216825485229492
happy,33.137330412864685
sad,13.918332755565643
surprised,7.861015200614929
neutral,23.302990198135376
angry,3.3751048147678375
disgust,0.01338327128905803
scared,16.58780127763748
happy,21.91489487886429
sad,10.500260442495346
surprised,14.024567604064941
neutral,33.58399271965027
angry,4.773344472050667
disgust,0.015461639850400388
scared,16.891571879386902
happy,28.888627886772156
sad,13.164198398590088
surprised,10.469237715005875
neutral,25.797560811042786
angry,4.566052556037903
disgust,0.013160314119886607
scared,16.97590798139572
happy,28.569301962852478
sad,13.049328327178955
surprised,9.136085212230682
neutral,27.690166234970093
angry,4.656916111707687
disgust,0.017466081771999598
scared,15.543226897716522
happy,28.774982690811157
sad,12.744767963886261
surprised,8.424408733844757
neutral,29.838231205940247
angry,4.093155264854431
disgust,0.014014514454174787
scared,21.786244213581085
happy,27.433371543884277
sad,14.162877202033997
surprised,7.8807927668094635
neutral,24.629539251327515
angry,4.536350443959236
disgust,0.01315171248279512
scared,19.868312776088715
happy,25.88573396205902
sad,14.385056495666504
surprised,8.820974081754684
neutral,26.49041712284088
angry,4.769761860370636
disgust,0.012917684216517955
scared,14.074642956256866
happy,29.68626320362091
sad,14.111213386058807
surprised,6.603723764419556
neutral,30.74147403240204
angry,3.915305808186531
disgust,0.008666580833960325
scared,19.067716598510742
happy,30.828267335891724
sad,16.160939633846283
surprised,5.104866623878479
neutral,24.91423338651657
angry,4.9329496920108795
disgust,0.015292712487280369
scared,13.561560213565826
happy,26.100081205368042
sad,11.816668510437012
surprised,10.174879431724548
neutral,33.39856564998627
angry,4.876731336116791
disgust,0.023046534624882042
scared,17.14162677526474
happy,27.188605070114136
sad,14.589859545230865
surprised,5.893951281905174
neutral,30.286172032356262
angry,3.9892517030239105
disgust,0.015543773770332336
scared,17.706920206546783
happy,24.5867058634758
sad,12.314394116401672
surprised,13.788048923015594
neutral,27.59912610054016
angry,4.4609613716602325
disgust,0.015606735541950911
scared,17.60292798280716
happy,26.319274306297302
sad,13.203662633895874
surprised,12.076761573553085
neutral,26.32080316543579
angry,20.750804245471954
disgust,0.23209217470139265
scared,33.94356667995453
happy,5.619881674647331
sad,18.203826248645782
surprised,2.2492581978440285
neutral,19.000571966171265
angry,16.05301797389984
disgust,0.6843873299658298
scared,30.89931011199951
happy,11.822980642318726
sad,15.857690572738647
surprised,2.7034183964133263
neutral,21.97919338941574
angry,35.372236371040344
disgust,0.051312113646417856
scared,34.536269307136536
happy,2.1604279056191444
sad,10.405421257019043
surprised,2.217062935233116
neutral,15.257269144058228
angry,31.585851311683655
disgust,0.02989856293424964
scared,24.9891459941864
happy,18.145477771759033
sad,10.695406049489975
surprised,3.8830794394016266
neutral,10.671141743659973
angry,54.348111152648926
disgust,0.1510527217760682
scared,15.368041396141052
happy,17.901702225208282
sad,3.9285842329263687
surprised,1.9552187994122505
neutral,6.347285211086273
angry,30.52743971347809
disgust,0.04372198018245399
scared,15.382951498031616
happy,39.993855357170105
sad,3.7804629653692245
surprised,1.9771067425608635
neutral,8.29446166753769
angry,3.394724428653717
disgust,1.3706416822969913
scared,25.898176431655884
happy,34.00682508945465
sad,22.73235023021698
surprised,1.3216154649853706
neutral,11.27566248178482
angry,3.9417564868927
disgust,1.0156008414924145
scared,25.539159774780273
happy,21.88497930765152
sad,32.47255086898804
surprised,1.6859153285622597
neutral,13.460034132003784
angry,34.05830264091492
disgust,0.053197285160422325
scared,11.509786546230316
happy,44.88401710987091
sad,2.4087900295853615
surprised,1.2712244875729084
neutral,5.81468753516674
angry,22.711138427257538
disgust,0.05384761607274413
scared,9.651762247085571
happy,56.75191879272461
sad,2.3106662556529045
surprised,1.0142206214368343
neutral,7.50645324587822
angry,28.687161207199097
disgust,0.030893197981640697
scared,9.133288264274597
happy,50.80181360244751
sad,2.8076214715838432
surprised,0.8600234054028988
neutral,7.679201662540436
angry,29.309478402137756
disgust,0.05335863679647446
scared,11.98604553937912
happy,46.39007747173309
sad,3.4663986414670944
surprised,0.9134668856859207
neutral,7.881179451942444
angry,29.034140706062317
disgust,0.045047092135064304
scared,9.345715492963791
happy,52.1165668964386
sad,2.6523612439632416
surprised,0.8715945295989513
neutral,5.934570357203484
angry,29.981598258018494
disgust,0.02555917017161846
scared,11.457514017820358
happy,49.767979979515076
sad,1.914622075855732
surprised,0.771678751334548
neutral,6.08103945851326
angry,5.412831529974937
disgust,0.03559221513569355
scared,22.295331954956055
happy,16.923190653324127
sad,10.136435180902481
surprised,12.52746731042862
neutral,32.669150829315186
angry,4.881977662444115
disgust,0.05463919951580465
scared,21.564054489135742
happy,15.088136494159698
sad,9.07275304198265
surprised,14.527639746665955
neutral,34.810808300971985
angry,20.175352692604065
disgust,0.538200605660677
scared,17.09543466567993
happy,28.747069835662842
sad,18.300162255764008
surprised,2.310766652226448
neutral,12.83300369977951
angry,8.242107927799225
disgust,1.691294088959694
scared,22.933904826641083
happy,12.402597814798355
sad,5.283734947443008
surprised,36.13246977329254
neutral,13.313892483711243
angry,4.405909404158592
disgust,0.003549672692315653
scared,12.537732720375061
happy,6.508396565914154
sad,5.248573794960976
surprised,31.86843693256378
neutral,39.42740559577942
angry,6.565950810909271
disgust,0.006410019705072045
scared,12.30752319097519
happy,5.696924403309822
sad,4.313425347208977
surprised,41.753700375556946
neutral,29.3560653924942
angry,5.543968826532364
disgust,0.006643270899076015
scared,13.67347538471222
happy,4.9187760800123215
sad,4.976097494363785
surprised,42.854732275009155
neutral,28.02630364894867
angry,5.710212886333466
disgust,0.006969850801397115
scared,13.70384395122528
happy,5.0242409110069275
sad,5.017300322651863
surprised,42.827627062797546
neutral,27.709808945655823
angry,5.841396749019623
disgust,0.005989681449136697
scared,12.310988456010818
happy,4.870796203613281
sad,4.265011474490166
surprised,43.018847703933716
neutral,29.68696653842926
angry,5.797253176569939
disgust,0.005049083483754657
scared,11.023370921611786
happy,4.510016739368439
sad,4.005784913897514
surprised,45.66751420497894
neutral,28.991007804870605
angry,6.076370924711227
disgust,0.005702622001990676
scared,10.962720215320587
happy,4.753744602203369
sad,4.228705912828445
surprised,43.85335445404053
neutral,30.119404196739197
angry,6.1424680054187775
disgust,0.007073938468238339
scared,10.820872336626053
happy,4.813723266124725
sad,4.601776227355003
surprised,41.96033477783203
neutral,31.653746962547302
angry,5.668388679623604
disgust,0.006101218968979083
scared,10.417550802230835
happy,4.764661192893982
sad,4.314035549759865
surprised,44.25831139087677
neutral,30.5709570646286
angry,6.08646459877491
disgust,0.005810204311273992
scared,10.529166460037231
happy,4.594996944069862
sad,4.225500300526619
surprised,45.40610313415527
neutral,29.151955246925354
angry,5.962599813938141
disgust,0.005866156789124943
scared,10.625310242176056
happy,4.6685367822647095
sad,4.280684515833855
surprised,44.87738311290741
neutral,29.579612612724304
angry,5.490437522530556
disgust,0.004480782808968797
scared,11.199437081813812
happy,4.556678235530853
sad,4.063398763537407
surprised,46.74685895442963
neutral,27.93869972229004
angry,5.37504144012928
disgust,0.0049010039219865575
scared,10.505782812833786
happy,4.397949576377869
sad,4.150846973061562
surprised,46.91222310066223
neutral,28.653261065483093
angry,5.350381135940552
disgust,0.00428127714258153
scared,11.316577345132828
happy,4.606857895851135
sad,4.010234028100967
surprised,45.82163095474243
neutral,28.89004647731781
angry,6.271962821483612
disgust,0.005670372047461569
scared,11.748693138360977
happy,4.845960810780525
sad,4.474075138568878
surprised,44.17181611061096
neutral,28.481823205947876
angry,6.527268141508102
disgust,0.006283816765062511
scared,11.642299592494965
happy,4.717814177274704
sad,4.576946422457695
surprised,42.56135821342468
neutral,29.968026280403137
angry,5.539671331644058
disgust,0.008667023939779028
scared,11.807028949260712
happy,4.832122474908829
sad,5.073020234704018
surprised,42.255014181137085
neutral,30.484476685523987
angry,5.775211006402969
disgust,0.00410442917200271
scared,12.276559323072433
happy,4.824280738830566
sad,4.356086999177933
surprised,41.37086570262909
neutral,31.39289617538452
angry,5.770733207464218
disgust,0.004103461833437905
scared,12.268480658531189
happy,4.82640340924263
sad,4.356649145483971
surprised,41.39244556427002
neutral,31.38118088245392
angry,6.936859339475632
disgust,0.004265923780621961
scared,13.212543725967407
happy,5.433294177055359
sad,4.39785048365593
surprised,38.46795856952667
neutral,31.5472275018692
angry,6.695215404033661
disgust,0.0043178639316465706
scared,13.900341093540192
happy,5.637500807642937
sad,4.451664164662361
surprised,38.9585018157959
neutral,30.352452397346497
angry,6.124944239854813
disgust,0.004678427285398357
scared,13.306327164173126
happy,5.1483530551195145
sad,4.775820299983025
surprised,37.34363317489624
neutral,33.296239376068115
angry,5.8402810245752335
disgust,0.003921988536603749
scared,13.095816969871521
happy,4.709739610552788
sad,4.649729281663895
surprised,38.86646330356598
neutral,32.834044098854065
angry,5.971713364124298
disgust,0.003822635335382074
scared,13.419324159622192
happy,5.033380538225174
sad,4.759284481406212
surprised,36.9554340839386
neutral,33.85704457759857
angry,5.8166224509477615
disgust,0.004912568692816421
scared,13.973122835159302
happy,4.936526715755463
sad,4.997159540653229
surprised,37.25624084472656
neutral,33.01541805267334
angry,5.823490396142006
disgust,0.004376871220301837
scared,12.761953473091125
happy,4.740826785564423
sad,4.6028438955545425
surprised,39.546188712120056
neutral,32.52032399177551
angry,6.034309044480324
disgust,0.004725118196802214
scared,13.379321992397308
happy,5.059602856636047
sad,4.755790159106255
surprised,37.587741017341614
neutral,33.17851722240448
angry,5.694001540541649
disgust,0.004307714334572665
scared,13.584111630916595
happy,4.893883690237999
sad,4.8202116042375565
surprised,37.794291973114014
neutral,33.209192752838135
angry,6.169375404715538
disgust,0.004001590787083842
scared,13.081814348697662
happy,4.751412197947502
sad,4.678135365247726
surprised,37.48496770858765
neutral,33.83029103279114
angry,6.069844588637352
disgust,0.0035810760891763493
scared,12.334539741277695
happy,4.802458360791206
sad,4.279867187142372
surprised,39.76293504238129
neutral,32.74678289890289
angry,5.730512365698814
disgust,0.0037936952139716595
scared,12.268739193677902
happy,4.618137702345848
sad,4.176417365670204
surprised,41.580408811569214
neutral,31.621989607810974
angry,6.012953072786331
disgust,0.0034740878618322313
scared,12.3714879155159
happy,4.735652729868889
sad,4.332393035292625
surprised,39.31420147418976
neutral,33.22983384132385
angry,5.5039722472429276
disgust,0.0036027737223776057
scared,11.403178423643112
happy,5.08391335606575
sad,3.97552028298378
surprised,40.593740344047546
neutral,33.43607187271118
angry,5.760956555604935
disgust,0.004037178223370574
scared,12.665686011314392
happy,5.102014541625977
sad,4.460348933935165
surprised,38.80155086517334
neutral,33.2054078578949
angry,5.660831555724144
disgust,0.004019249172415584
scared,13.410395383834839
happy,5.064024031162262
sad,4.395235702395439
surprised,39.209648966789246
neutral,32.25584626197815
angry,5.898637697100639
disgust,0.004034012818010524
scared,13.139402866363525
happy,4.778393730521202
sad,4.508662968873978
surprised,39.32929039001465
neutral,32.34158158302307
angry,5.871846899390221
disgust,0.0044767333747586235
scared,12.310083210468292
happy,4.958746954798698
sad,4.154492542147636
surprised,41.2017822265625
neutral,31.498566269874573
angry,6.374679505825043
disgust,0.0043348649342078716
scared,12.070449441671371
happy,4.739723354578018
sad,4.315530136227608
surprised,41.03322625160217
neutral,31.462055444717407
angry,5.8782909065485
disgust,0.004735044058179483
scared,12.50213235616684
happy,5.167659372091293
sad,4.412870109081268
surprised,39.0489399433136
neutral,32.985374331474304
angry,6.165258958935738
disgust,0.005246877481113188
scared,12.943224608898163
happy,5.152894929051399
sad,4.69689667224884
surprised,37.4491423368454
neutral,33.58733355998993
angry,6.126008927822113
disgust,0.004353940312284976
scared,13.49533200263977
happy,5.478531122207642
sad,4.498029127717018
surprised,37.37693428993225
neutral,33.020806312561035
angry,5.718772858381271
disgust,0.004570608143694699
scared,12.07483634352684
happy,4.9907781183719635
sad,4.249145835638046
surprised,41.419872641563416
neutral,31.542018055915833
angry,6.248870491981506
disgust,0.005058243186795153
scared,13.182932138442993
happy,5.15327975153923
sad,4.693390801548958
surprised,36.52333319187164
neutral,34.193140268325806
angry,5.8524493128061295
disgust,0.004382296901894733
scared,12.562575936317444
happy,4.798654839396477
sad,4.567517712712288
surprised,38.53631317615509
neutral,33.67810845375061
angry,6.127764284610748
disgust,0.005098914334666915
scared,13.247092068195343
happy,5.141203477978706
sad,4.801321029663086
surprised,37.38166689872742
neutral,33.29586386680603
angry,6.017694249749184
disgust,0.004744831676362082
scared,12.391219288110733
happy,5.091330409049988
sad,4.469273239374161
surprised,39.71891701221466
neutral,32.30682015419006
angry,6.3971638679504395
disgust,0.0044266736949793994
scared,13.12391310930252
happy,5.27912899851799
sad,4.800591990351677
surprised,39.12021517753601
neutral,31.27456307411194
angry,6.059305369853973
disgust,0.004224349686410278
scared,12.475437670946121
happy,5.0738755613565445
sad,4.5073337852954865
surprised,39.428821206092834
neutral,32.450997829437256
angry,6.499733775854111
disgust,0.004776630157721229
scared,12.298885732889175
happy,5.296022817492485
sad,4.6058539301157
surprised,38.3783757686615
neutral,32.91634917259216
angry,6.673481315374374
disgust,0.004989223089069128
scared,13.358427584171295
happy,5.244617909193039
sad,4.902699962258339
surprised,36.432525515556335
neutral,33.38325917720795
angry,24.576367437839508
disgust,0.03986243682447821
scared,35.36478281021118
happy,10.174615681171417
sad,11.671166121959686
surprised,12.997424602508545
neutral,5.175774544477463
angry,23.30145388841629
disgust,0.02729856933001429
scared,43.23400855064392
happy,6.693979352712631
sad,5.640299618244171
surprised,17.371101677417755
neutral,3.7318699061870575
angry,19.89201307296753
disgust,0.005084683289169334
scared,35.820555686950684
happy,21.341507136821747
sad,11.77404522895813
surprised,4.569249972701073
neutral,6.5975382924079895
angry,3.4553654491901398
disgust,0.02889128227252513
scared,21.463055908679962
happy,23.99059683084488
sad,39.44214880466461
surprised,0.9531060233712196
neutral,10.66683754324913
angry,26.072049140930176
disgust,0.01049224374582991
scared,21.120482683181763
happy,15.008215606212616
sad,3.0593208968639374
surprised,3.1953420490026474
neutral,31.534090638160706
angry,33.078160881996155
disgust,0.010876176384044811
scared,16.516076028347015
happy,13.189776241779327
sad,4.39596027135849
surprised,2.1530907601118088
neutral,30.656060576438904
angry,26.86772048473358
disgust,0.02189278311561793
scared,18.567731976509094
happy,14.003340899944305
sad,3.534448519349098
surprised,4.896361753344536
neutral,32.108500599861145
angry,22.573864459991455
disgust,0.01066494223778136
scared,19.63147222995758
happy,13.55345994234085
sad,2.692987769842148
surprised,5.392127484083176
neutral,36.145421862602234
angry,4.827096685767174
disgust,0.003753165219677612
scared,11.555548757314682
happy,4.650886356830597
sad,3.564155474305153
surprised,36.43012344837189
neutral,38.96843194961548
angry,22.927451133728027
disgust,0.013919548655394465
scared,16.448919475078583
happy,16.882097721099854
sad,3.2883331179618835
surprised,4.288671165704727
neutral,36.15061342716217
angry,21.69272005558014
disgust,0.007133339386200532
scared,18.232707679271698
happy,22.446730732917786
sad,2.9503673315048218
surprised,3.8780249655246735
neutral,30.792322754859924
angry,15.31447023153305
disgust,0.003759238461498171
scared,17.61641651391983
happy,10.839997231960297
sad,2.672930248081684
surprised,2.6956580579280853
neutral,50.8567750453949
angry,26.643922924995422
disgust,0.008267041994258761
scared,14.879210293293
happy,21.303002536296844
sad,2.97990832477808
surprised,4.188456758856773
neutral,29.997235536575317
angry,33.180344104766846
disgust,0.012505702034104615
scared,17.45695024728775
happy,16.889934241771698
sad,4.4470541179180145
surprised,4.113955795764923
neutral,23.899264633655548
angry,19.949252903461456
disgust,0.0059417547163320705
scared,16.03851467370987
happy,28.119081258773804
sad,2.2715089842677116
surprised,3.1374119222164154
neutral,30.47829568386078
angry,29.786041378974915
disgust,0.012714303738903254
scared,18.902868032455444
happy,21.250063180923462
sad,3.730640932917595
surprised,3.5838745534420013
neutral,22.733792662620544
angry,4.7457680106163025
disgust,0.004983661347068846
scared,15.243510901927948
happy,6.184783577919006
sad,3.7736840546131134
surprised,19.03815269470215
neutral,51.00911855697632
angry,6.014416739344597
disgust,0.025514804292470217
scared,13.9240562915802
happy,4.89300824701786
sad,5.760853737592697
surprised,13.27250748872757
neutral,56.10964298248291
angry,5.384988337755203
disgust,0.009006812615552917
scared,14.200542867183685
happy,8.654128760099411
sad,4.019870236515999
surprised,23.312269151210785
neutral,44.41918730735779
angry,5.795092135667801
disgust,0.008097961108433083
scared,18.887722492218018
happy,11.454059183597565
sad,9.447772800922394
surprised,12.602531909942627
neutral,41.80472493171692
angry,4.909510165452957
disgust,0.00778284011175856
scared,19.403159618377686
happy,10.370586067438126
sad,9.642009437084198
surprised,14.944228529930115
neutral,40.72272181510925
angry,16.402967274188995
disgust,0.4486811812967062
scared,18.765294551849365
happy,17.87732243537903
sad,9.56791490316391
surprised,14.019021391868591
neutral,22.91879653930664
angry,20.255012810230255
disgust,0.5233010277152061
scared,17.642205953598022
happy,20.774897933006287
sad,10.278546810150146
surprised,9.602849930524826
neutral,20.923180878162384
angry,19.336654245853424
disgust,0.5670454818755388
scared,21.354493498802185
happy,15.46715497970581
sad,10.369132459163666
surprised,16.37612283229828
neutral,16.529397666454315
angry,6.101822480559349
disgust,0.031958267209120095
scared,9.566713124513626
happy,12.722237408161163
sad,8.84898453950882
surprised,30.54077923297882
neutral,32.18750357627869
angry,4.327466711401939
disgust,0.06531921681016684
scared,9.376898407936096
happy,8.918499201536179
sad,7.155553996562958
surprised,27.319416403770447
neutral,42.83683896064758
angry,4.533391818404198
disgust,0.09088933584280312
scared,10.919755697250366
happy,11.994276940822601
sad,11.660899966955185
surprised,20.078539848327637
neutral,40.72223901748657
angry,5.230468884110451
disgust,0.07866324740462005
scared,11.903010308742523
happy,11.190780997276306
sad,9.357412904500961
surprised,18.755069375038147
neutral,43.484604358673096
angry,12.034355849027634
disgust,0.01791981776477769
scared,11.345234513282776
happy,15.11809527873993
sad,2.2375429049134254
surprised,10.375137627124786
neutral,48.87171983718872
angry,9.921097755432129
disgust,0.02937692916020751
scared,10.291977226734161
happy,14.389660954475403
sad,2.4352340027689934
surprised,14.680390059947968
neutral,48.25226366519928
angry,15.941336750984192
disgust,0.049790943739935756
scared,8.269686251878738
happy,19.94567960500717
sad,2.585582621395588
surprised,9.601730853319168
neutral,43.606188893318176
angry,13.620306551456451
disgust,0.040218132198788226
scared,10.416902601718903
happy,17.460744082927704
sad,2.644701674580574
surprised,10.632432997226715
neutral,45.18468976020813
angry,12.932878732681274
disgust,0.032206159085035324
scared,10.638125240802765
happy,16.806717216968536
sad,2.1765857934951782
surprised,11.518069356679916
neutral,45.895421504974365
angry,8.467034250497818
disgust,0.28930234257131815
scared,11.173496395349503
happy,9.598004072904587
sad,10.905051231384277
surprised,20.472443103790283
neutral,39.09466862678528
angry,6.403610855340958
disgust,0.1482234918512404
scared,10.025874525308609
happy,18.36908310651779
sad,11.667194962501526
surprised,11.035332083702087
neutral,42.35069155693054
angry,11.123082041740417
disgust,0.04523698007687926
scared,9.488246589899063
happy,17.5728902220726
sad,2.3600565269589424
surprised,10.631924867630005
neutral,48.7785667181015
angry,10.983556509017944
disgust,0.017427174316253513
scared,10.520531237125397
happy,13.862361013889313
sad,2.060230076313019
surprised,10.613992065191269
neutral,51.941895484924316
angry,17.327815294265747
disgust,0.04030531272292137
scared,10.917862504720688
happy,18.16025674343109
sad,2.2217120975255966
surprised,8.422750979661942
neutral,42.9093062877655
angry,13.061162829399109
disgust,0.032953693880699575
scared,10.081928223371506
happy,14.922107756137848
sad,2.212091162800789
surprised,11.402352154254913
neutral,48.28740060329437
angry,13.499978184700012
disgust,0.05768893752247095
scared,9.239836037158966
happy,15.751269459724426
sad,2.5524381548166275
surprised,12.781846523284912
neutral,46.11694514751434
angry,16.512343287467957
disgust,0.02552586083766073
scared,10.678670555353165
happy,16.039706766605377
sad,1.943841576576233
surprised,8.894213289022446
neutral,45.905691385269165
angry,17.891357839107513
disgust,0.02866008726414293
scared,10.448061674833298
happy,19.332651793956757
sad,1.9823791459202766
surprised,7.602214068174362
neutral,42.71467328071594
angry,12.467269599437714
disgust,0.025495036970824003
scared,8.840139210224152
happy,13.679870963096619
sad,2.514190971851349
surprised,10.522820800542831
neutral,51.95021629333496
angry,12.220074981451035
disgust,0.018887991609517485
scared,9.347319602966309
happy,13.595747947692871
sad,2.0916813984513283
surprised,9.92087870836258
neutral,52.80540585517883
angry,14.196997880935669
disgust,0.023132344358600676
scared,9.8831407725811
happy,13.90487402677536
sad,2.3158304393291473
surprised,8.236708492040634
neutral,51.43932104110718
angry,10.442046821117401
disgust,0.02639558515511453
scared,11.365722119808197
happy,10.733827203512192
sad,2.563668042421341
surprised,12.576735019683838
neutral,52.29160785675049